{"Test Statistic": 19.736875926949157, "Test Statistic p-value": 0.47449385232244334, "F-Statistic": 0.8653889501783011, "F-Test p-value": 0.627309980470898}