{
    "Test Statistic": 19.736875926961986,
    "Test Statistic p-value": 0.4744938523216302,
    "F-Statistic": 0.8653889501799455,
    "F-Test p-value": 0.6273099804696333
}