{"Test Statistic": 19.736875926956763, "Test Statistic p-value": 0.4744938523219612, "F-Statistic": 0.8653889501792766, "F-Test p-value": 0.6273099804701485}